id,panel,style,mode,source,schedule,rate,partition,feedback,char_gain,tap,mutation
P1__A__stereo__impulse_center__static__44100__64__0p5__0p5__pre__none,P1,A,stereo,impulse_center,static,44100,64,0.5,0.5,pre,none
P1__A__stereo__impulse_center__static__48000__64__0p5__0p5__pre__none,P1,A,stereo,impulse_center,static,48000,64,0.5,0.5,pre,none
P1__A__stereo__impulse_center__static__96000__64__0p5__0p5__pre__none,P1,A,stereo,impulse_center,static,96000,64,0.5,0.5,pre,none
P1__A__pingpong__impulse_center__static__44100__64__0p5__0p5__pre__none,P1,A,pingpong,impulse_center,static,44100,64,0.5,0.5,pre,none
P1__A__pingpong__impulse_center__static__48000__64__0p5__0p5__pre__none,P1,A,pingpong,impulse_center,static,48000,64,0.5,0.5,pre,none
P1__A__pingpong__impulse_center__static__96000__64__0p5__0p5__pre__none,P1,A,pingpong,impulse_center,static,96000,64,0.5,0.5,pre,none
P1__A__stereo__impulse_center__static__44100__64__0p5__0p5__post__none,P1,A,stereo,impulse_center,static,44100,64,0.5,0.5,post,none
P1__A__stereo__impulse_center__static__48000__64__0p5__0p5__post__none,P1,A,stereo,impulse_center,static,48000,64,0.5,0.5,post,none
P1__A__stereo__impulse_center__static__96000__64__0p5__0p5__post__none,P1,A,stereo,impulse_center,static,96000,64,0.5,0.5,post,none
P1__A__pingpong__impulse_center__static__44100__64__0p5__0p5__post__none,P1,A,pingpong,impulse_center,static,44100,64,0.5,0.5,post,none
P1__A__pingpong__impulse_center__static__48000__64__0p5__0p5__post__none,P1,A,pingpong,impulse_center,static,48000,64,0.5,0.5,post,none
P1__A__pingpong__impulse_center__static__96000__64__0p5__0p5__post__none,P1,A,pingpong,impulse_center,static,96000,64,0.5,0.5,post,none
P1__A__stereo__impulse_left__static__44100__64__0p5__0p5__pre__none,P1,A,stereo,impulse_left,static,44100,64,0.5,0.5,pre,none
P1__A__stereo__impulse_left__static__48000__64__0p5__0p5__pre__none,P1,A,stereo,impulse_left,static,48000,64,0.5,0.5,pre,none
P1__A__stereo__impulse_left__static__96000__64__0p5__0p5__pre__none,P1,A,stereo,impulse_left,static,96000,64,0.5,0.5,pre,none
P1__A__pingpong__impulse_left__static__44100__64__0p5__0p5__pre__none,P1,A,pingpong,impulse_left,static,44100,64,0.5,0.5,pre,none
P1__A__pingpong__impulse_left__static__48000__64__0p5__0p5__pre__none,P1,A,pingpong,impulse_left,static,48000,64,0.5,0.5,pre,none
P1__A__pingpong__impulse_left__static__96000__64__0p5__0p5__pre__none,P1,A,pingpong,impulse_left,static,96000,64,0.5,0.5,pre,none
P1__A__stereo__impulse_left__static__44100__64__0p5__0p5__post__none,P1,A,stereo,impulse_left,static,44100,64,0.5,0.5,post,none
P1__A__stereo__impulse_left__static__48000__64__0p5__0p5__post__none,P1,A,stereo,impulse_left,static,48000,64,0.5,0.5,post,none
P1__A__stereo__impulse_left__static__96000__64__0p5__0p5__post__none,P1,A,stereo,impulse_left,static,96000,64,0.5,0.5,post,none
P1__A__pingpong__impulse_left__static__44100__64__0p5__0p5__post__none,P1,A,pingpong,impulse_left,static,44100,64,0.5,0.5,post,none
P1__A__pingpong__impulse_left__static__48000__64__0p5__0p5__post__none,P1,A,pingpong,impulse_left,static,48000,64,0.5,0.5,post,none
P1__A__pingpong__impulse_left__static__96000__64__0p5__0p5__post__none,P1,A,pingpong,impulse_left,static,96000,64,0.5,0.5,post,none
P1__A__stereo__impulse_right__static__44100__64__0p5__0p5__pre__none,P1,A,stereo,impulse_right,static,44100,64,0.5,0.5,pre,none
P1__A__stereo__impulse_right__static__48000__64__0p5__0p5__pre__none,P1,A,stereo,impulse_right,static,48000,64,0.5,0.5,pre,none
P1__A__stereo__impulse_right__static__96000__64__0p5__0p5__pre__none,P1,A,stereo,impulse_right,static,96000,64,0.5,0.5,pre,none
P1__A__pingpong__impulse_right__static__44100__64__0p5__0p5__pre__none,P1,A,pingpong,impulse_right,static,44100,64,0.5,0.5,pre,none
P1__A__pingpong__impulse_right__static__48000__64__0p5__0p5__pre__none,P1,A,pingpong,impulse_right,static,48000,64,0.5,0.5,pre,none
P1__A__pingpong__impulse_right__static__96000__64__0p5__0p5__pre__none,P1,A,pingpong,impulse_right,static,96000,64,0.5,0.5,pre,none
P1__A__stereo__impulse_right__static__44100__64__0p5__0p5__post__none,P1,A,stereo,impulse_right,static,44100,64,0.5,0.5,post,none
P1__A__stereo__impulse_right__static__48000__64__0p5__0p5__post__none,P1,A,stereo,impulse_right,static,48000,64,0.5,0.5,post,none
P1__A__stereo__impulse_right__static__96000__64__0p5__0p5__post__none,P1,A,stereo,impulse_right,static,96000,64,0.5,0.5,post,none
P1__A__pingpong__impulse_right__static__44100__64__0p5__0p5__post__none,P1,A,pingpong,impulse_right,static,44100,64,0.5,0.5,post,none
P1__A__pingpong__impulse_right__static__48000__64__0p5__0p5__post__none,P1,A,pingpong,impulse_right,static,48000,64,0.5,0.5,post,none
P1__A__pingpong__impulse_right__static__96000__64__0p5__0p5__post__none,P1,A,pingpong,impulse_right,static,96000,64,0.5,0.5,post,none
P1__A__stereo__impulse_stereo__static__44100__64__0p5__0p5__pre__none,P1,A,stereo,impulse_stereo,static,44100,64,0.5,0.5,pre,none
P1__A__stereo__impulse_stereo__static__48000__64__0p5__0p5__pre__none,P1,A,stereo,impulse_stereo,static,48000,64,0.5,0.5,pre,none
P1__A__stereo__impulse_stereo__static__96000__64__0p5__0p5__pre__none,P1,A,stereo,impulse_stereo,static,96000,64,0.5,0.5,pre,none
P1__A__pingpong__impulse_stereo__static__44100__64__0p5__0p5__pre__none,P1,A,pingpong,impulse_stereo,static,44100,64,0.5,0.5,pre,none
P1__A__pingpong__impulse_stereo__static__48000__64__0p5__0p5__pre__none,P1,A,pingpong,impulse_stereo,static,48000,64,0.5,0.5,pre,none
P1__A__pingpong__impulse_stereo__static__96000__64__0p5__0p5__pre__none,P1,A,pingpong,impulse_stereo,static,96000,64,0.5,0.5,pre,none
P1__A__stereo__impulse_stereo__static__44100__64__0p5__0p5__post__none,P1,A,stereo,impulse_stereo,static,44100,64,0.5,0.5,post,none
P1__A__stereo__impulse_stereo__static__48000__64__0p5__0p5__post__none,P1,A,stereo,impulse_stereo,static,48000,64,0.5,0.5,post,none
P1__A__stereo__impulse_stereo__static__96000__64__0p5__0p5__post__none,P1,A,stereo,impulse_stereo,static,96000,64,0.5,0.5,post,none
P1__A__pingpong__impulse_stereo__static__44100__64__0p5__0p5__post__none,P1,A,pingpong,impulse_stereo,static,44100,64,0.5,0.5,post,none
P1__A__pingpong__impulse_stereo__static__48000__64__0p5__0p5__post__none,P1,A,pingpong,impulse_stereo,static,48000,64,0.5,0.5,post,none
P1__A__pingpong__impulse_stereo__static__96000__64__0p5__0p5__post__none,P1,A,pingpong,impulse_stereo,static,96000,64,0.5,0.5,post,none
P1__A__stereo__impulse_antiphase__static__44100__64__0p5__0p5__pre__none,P1,A,stereo,impulse_antiphase,static,44100,64,0.5,0.5,pre,none
P1__A__stereo__impulse_antiphase__static__48000__64__0p5__0p5__pre__none,P1,A,stereo,impulse_antiphase,static,48000,64,0.5,0.5,pre,none
P1__A__stereo__impulse_antiphase__static__96000__64__0p5__0p5__pre__none,P1,A,stereo,impulse_antiphase,static,96000,64,0.5,0.5,pre,none
P1__A__pingpong__impulse_antiphase__static__44100__64__0p5__0p5__pre__none,P1,A,pingpong,impulse_antiphase,static,44100,64,0.5,0.5,pre,none
P1__A__pingpong__impulse_antiphase__static__48000__64__0p5__0p5__pre__none,P1,A,pingpong,impulse_antiphase,static,48000,64,0.5,0.5,pre,none
P1__A__pingpong__impulse_antiphase__static__96000__64__0p5__0p5__pre__none,P1,A,pingpong,impulse_antiphase,static,96000,64,0.5,0.5,pre,none
P1__A__stereo__impulse_antiphase__static__44100__64__0p5__0p5__post__none,P1,A,stereo,impulse_antiphase,static,44100,64,0.5,0.5,post,none
P1__A__stereo__impulse_antiphase__static__48000__64__0p5__0p5__post__none,P1,A,stereo,impulse_antiphase,static,48000,64,0.5,0.5,post,none
P1__A__stereo__impulse_antiphase__static__96000__64__0p5__0p5__post__none,P1,A,stereo,impulse_antiphase,static,96000,64,0.5,0.5,post,none
P1__A__pingpong__impulse_antiphase__static__44100__64__0p5__0p5__post__none,P1,A,pingpong,impulse_antiphase,static,44100,64,0.5,0.5,post,none
P1__A__pingpong__impulse_antiphase__static__48000__64__0p5__0p5__post__none,P1,A,pingpong,impulse_antiphase,static,48000,64,0.5,0.5,post,none
P1__A__pingpong__impulse_antiphase__static__96000__64__0p5__0p5__post__none,P1,A,pingpong,impulse_antiphase,static,96000,64,0.5,0.5,post,none
P2__A__stereo__sine__retarget__48000__irregular__0p5__1__post__none,P2,A,stereo,sine,retarget,48000,irregular,0.5,1,post,none
P2__A__pingpong__sine__retarget__48000__irregular__0p5__1__post__none,P2,A,pingpong,sine,retarget,48000,irregular,0.5,1,post,none
P2__B__stereo__sine__retarget__48000__irregular__0p5__1__post__none,P2,B,stereo,sine,retarget,48000,irregular,0.5,1,post,none
P2__B__pingpong__sine__retarget__48000__irregular__0p5__1__post__none,P2,B,pingpong,sine,retarget,48000,irregular,0.5,1,post,none
P2__C__stereo__sine__retarget__48000__irregular__0p5__1__post__none,P2,C,stereo,sine,retarget,48000,irregular,0.5,1,post,none
P2__C__pingpong__sine__retarget__48000__irregular__0p5__1__post__none,P2,C,pingpong,sine,retarget,48000,irregular,0.5,1,post,none
P2__A__stereo__sine__mode_collision__48000__irregular__0p5__1__post__none,P2,A,stereo,sine,mode_collision,48000,irregular,0.5,1,post,none
P2__A__pingpong__sine__mode_collision__48000__irregular__0p5__1__post__none,P2,A,pingpong,sine,mode_collision,48000,irregular,0.5,1,post,none
P2__B__stereo__sine__mode_collision__48000__irregular__0p5__1__post__none,P2,B,stereo,sine,mode_collision,48000,irregular,0.5,1,post,none
P2__B__pingpong__sine__mode_collision__48000__irregular__0p5__1__post__none,P2,B,pingpong,sine,mode_collision,48000,irregular,0.5,1,post,none
P2__C__stereo__sine__mode_collision__48000__irregular__0p5__1__post__none,P2,C,stereo,sine,mode_collision,48000,irregular,0.5,1,post,none
P2__C__pingpong__sine__mode_collision__48000__irregular__0p5__1__post__none,P2,C,pingpong,sine,mode_collision,48000,irregular,0.5,1,post,none
P2__A__stereo__sine__timing_return__48000__irregular__0p5__1__post__none,P2,A,stereo,sine,timing_return,48000,irregular,0.5,1,post,none
P2__A__pingpong__sine__timing_return__48000__irregular__0p5__1__post__none,P2,A,pingpong,sine,timing_return,48000,irregular,0.5,1,post,none
P2__B__stereo__sine__timing_return__48000__irregular__0p5__1__post__none,P2,B,stereo,sine,timing_return,48000,irregular,0.5,1,post,none
P2__B__pingpong__sine__timing_return__48000__irregular__0p5__1__post__none,P2,B,pingpong,sine,timing_return,48000,irregular,0.5,1,post,none
P2__C__stereo__sine__timing_return__48000__irregular__0p5__1__post__none,P2,C,stereo,sine,timing_return,48000,irregular,0.5,1,post,none
P2__C__pingpong__sine__timing_return__48000__irregular__0p5__1__post__none,P2,C,pingpong,sine,timing_return,48000,irregular,0.5,1,post,none
P2__A__stereo__sine__timing_repeat__48000__irregular__0p5__1__post__none,P2,A,stereo,sine,timing_repeat,48000,irregular,0.5,1,post,none
P2__A__pingpong__sine__timing_repeat__48000__irregular__0p5__1__post__none,P2,A,pingpong,sine,timing_repeat,48000,irregular,0.5,1,post,none
P2__B__stereo__sine__timing_repeat__48000__irregular__0p5__1__post__none,P2,B,stereo,sine,timing_repeat,48000,irregular,0.5,1,post,none
P2__B__pingpong__sine__timing_repeat__48000__irregular__0p5__1__post__none,P2,B,pingpong,sine,timing_repeat,48000,irregular,0.5,1,post,none
P2__C__stereo__sine__timing_repeat__48000__irregular__0p5__1__post__none,P2,C,stereo,sine,timing_repeat,48000,irregular,0.5,1,post,none
P2__C__pingpong__sine__timing_repeat__48000__irregular__0p5__1__post__none,P2,C,pingpong,sine,timing_repeat,48000,irregular,0.5,1,post,none
P3__A__stereo__sine__endpoint__48000__irregular__0p5__1__post__none,P3,A,stereo,sine,endpoint,48000,irregular,0.5,1,post,none
P3__B__stereo__sine__endpoint__48000__irregular__0p5__1__post__none,P3,B,stereo,sine,endpoint,48000,irregular,0.5,1,post,none
P3__C__stereo__sine__endpoint__48000__irregular__0p5__1__post__none,P3,C,stereo,sine,endpoint,48000,irregular,0.5,1,post,none
P4__A__stereo__step__routing__48000__irregular__0p5__1__post__none,P4,A,stereo,step,routing,48000,irregular,0.5,1,post,none
P4__A__stereo__step__routing_return__48000__irregular__0p5__1__post__none,P4,A,stereo,step,routing_return,48000,irregular,0.5,1,post,none
P4__A__stereo__step__routing_repeat__48000__irregular__0p5__1__post__none,P4,A,stereo,step,routing_repeat,48000,irregular,0.5,1,post,none
P5__A__stereo__sine__retarget__44100__1__0p9__1__post__none,P5,A,stereo,sine,retarget,44100,1,0.9,1,post,none
P5__A__stereo__sine__retarget__44100__64__0p9__1__post__none,P5,A,stereo,sine,retarget,44100,64,0.9,1,post,none
P5__A__stereo__sine__retarget__44100__512__0p9__1__post__none,P5,A,stereo,sine,retarget,44100,512,0.9,1,post,none
P5__A__stereo__sine__retarget__44100__irregular__0p9__1__post__none,P5,A,stereo,sine,retarget,44100,irregular,0.9,1,post,none
P5__A__stereo__sine__retarget__48000__1__0p9__1__post__none,P5,A,stereo,sine,retarget,48000,1,0.9,1,post,none
P5__A__stereo__sine__retarget__48000__64__0p9__1__post__none,P5,A,stereo,sine,retarget,48000,64,0.9,1,post,none
P5__A__stereo__sine__retarget__48000__512__0p9__1__post__none,P5,A,stereo,sine,retarget,48000,512,0.9,1,post,none
P5__A__stereo__sine__retarget__48000__irregular__0p9__1__post__none,P5,A,stereo,sine,retarget,48000,irregular,0.9,1,post,none
P5__A__stereo__sine__retarget__96000__1__0p9__1__post__none,P5,A,stereo,sine,retarget,96000,1,0.9,1,post,none
P5__A__stereo__sine__retarget__96000__64__0p9__1__post__none,P5,A,stereo,sine,retarget,96000,64,0.9,1,post,none
P5__A__stereo__sine__retarget__96000__512__0p9__1__post__none,P5,A,stereo,sine,retarget,96000,512,0.9,1,post,none
P5__A__stereo__sine__retarget__96000__irregular__0p9__1__post__none,P5,A,stereo,sine,retarget,96000,irregular,0.9,1,post,none
P5__A__pingpong__sine__retarget__44100__1__0p9__1__post__none,P5,A,pingpong,sine,retarget,44100,1,0.9,1,post,none
P5__A__pingpong__sine__retarget__44100__64__0p9__1__post__none,P5,A,pingpong,sine,retarget,44100,64,0.9,1,post,none
P5__A__pingpong__sine__retarget__44100__512__0p9__1__post__none,P5,A,pingpong,sine,retarget,44100,512,0.9,1,post,none
P5__A__pingpong__sine__retarget__44100__irregular__0p9__1__post__none,P5,A,pingpong,sine,retarget,44100,irregular,0.9,1,post,none
P5__A__pingpong__sine__retarget__48000__1__0p9__1__post__none,P5,A,pingpong,sine,retarget,48000,1,0.9,1,post,none
P5__A__pingpong__sine__retarget__48000__64__0p9__1__post__none,P5,A,pingpong,sine,retarget,48000,64,0.9,1,post,none
P5__A__pingpong__sine__retarget__48000__512__0p9__1__post__none,P5,A,pingpong,sine,retarget,48000,512,0.9,1,post,none
P5__A__pingpong__sine__retarget__48000__irregular__0p9__1__post__none,P5,A,pingpong,sine,retarget,48000,irregular,0.9,1,post,none
P5__A__pingpong__sine__retarget__96000__1__0p9__1__post__none,P5,A,pingpong,sine,retarget,96000,1,0.9,1,post,none
P5__A__pingpong__sine__retarget__96000__64__0p9__1__post__none,P5,A,pingpong,sine,retarget,96000,64,0.9,1,post,none
P5__A__pingpong__sine__retarget__96000__512__0p9__1__post__none,P5,A,pingpong,sine,retarget,96000,512,0.9,1,post,none
P5__A__pingpong__sine__retarget__96000__irregular__0p9__1__post__none,P5,A,pingpong,sine,retarget,96000,irregular,0.9,1,post,none
P5__B__stereo__sine__retarget__44100__1__0p9__1__post__none,P5,B,stereo,sine,retarget,44100,1,0.9,1,post,none
P5__B__stereo__sine__retarget__44100__64__0p9__1__post__none,P5,B,stereo,sine,retarget,44100,64,0.9,1,post,none
P5__B__stereo__sine__retarget__44100__512__0p9__1__post__none,P5,B,stereo,sine,retarget,44100,512,0.9,1,post,none
P5__B__stereo__sine__retarget__44100__irregular__0p9__1__post__none,P5,B,stereo,sine,retarget,44100,irregular,0.9,1,post,none
P5__B__stereo__sine__retarget__48000__1__0p9__1__post__none,P5,B,stereo,sine,retarget,48000,1,0.9,1,post,none
P5__B__stereo__sine__retarget__48000__64__0p9__1__post__none,P5,B,stereo,sine,retarget,48000,64,0.9,1,post,none
P5__B__stereo__sine__retarget__48000__512__0p9__1__post__none,P5,B,stereo,sine,retarget,48000,512,0.9,1,post,none
P5__B__stereo__sine__retarget__48000__irregular__0p9__1__post__none,P5,B,stereo,sine,retarget,48000,irregular,0.9,1,post,none
P5__B__stereo__sine__retarget__96000__1__0p9__1__post__none,P5,B,stereo,sine,retarget,96000,1,0.9,1,post,none
P5__B__stereo__sine__retarget__96000__64__0p9__1__post__none,P5,B,stereo,sine,retarget,96000,64,0.9,1,post,none
P5__B__stereo__sine__retarget__96000__512__0p9__1__post__none,P5,B,stereo,sine,retarget,96000,512,0.9,1,post,none
P5__B__stereo__sine__retarget__96000__irregular__0p9__1__post__none,P5,B,stereo,sine,retarget,96000,irregular,0.9,1,post,none
P5__B__pingpong__sine__retarget__44100__1__0p9__1__post__none,P5,B,pingpong,sine,retarget,44100,1,0.9,1,post,none
P5__B__pingpong__sine__retarget__44100__64__0p9__1__post__none,P5,B,pingpong,sine,retarget,44100,64,0.9,1,post,none
P5__B__pingpong__sine__retarget__44100__512__0p9__1__post__none,P5,B,pingpong,sine,retarget,44100,512,0.9,1,post,none
P5__B__pingpong__sine__retarget__44100__irregular__0p9__1__post__none,P5,B,pingpong,sine,retarget,44100,irregular,0.9,1,post,none
P5__B__pingpong__sine__retarget__48000__1__0p9__1__post__none,P5,B,pingpong,sine,retarget,48000,1,0.9,1,post,none
P5__B__pingpong__sine__retarget__48000__64__0p9__1__post__none,P5,B,pingpong,sine,retarget,48000,64,0.9,1,post,none
P5__B__pingpong__sine__retarget__48000__512__0p9__1__post__none,P5,B,pingpong,sine,retarget,48000,512,0.9,1,post,none
P5__B__pingpong__sine__retarget__48000__irregular__0p9__1__post__none,P5,B,pingpong,sine,retarget,48000,irregular,0.9,1,post,none
P5__B__pingpong__sine__retarget__96000__1__0p9__1__post__none,P5,B,pingpong,sine,retarget,96000,1,0.9,1,post,none
P5__B__pingpong__sine__retarget__96000__64__0p9__1__post__none,P5,B,pingpong,sine,retarget,96000,64,0.9,1,post,none
P5__B__pingpong__sine__retarget__96000__512__0p9__1__post__none,P5,B,pingpong,sine,retarget,96000,512,0.9,1,post,none
P5__B__pingpong__sine__retarget__96000__irregular__0p9__1__post__none,P5,B,pingpong,sine,retarget,96000,irregular,0.9,1,post,none
P5__C__stereo__sine__retarget__44100__1__0p9__1__post__none,P5,C,stereo,sine,retarget,44100,1,0.9,1,post,none
P5__C__stereo__sine__retarget__44100__64__0p9__1__post__none,P5,C,stereo,sine,retarget,44100,64,0.9,1,post,none
P5__C__stereo__sine__retarget__44100__512__0p9__1__post__none,P5,C,stereo,sine,retarget,44100,512,0.9,1,post,none
P5__C__stereo__sine__retarget__44100__irregular__0p9__1__post__none,P5,C,stereo,sine,retarget,44100,irregular,0.9,1,post,none
P5__C__stereo__sine__retarget__48000__1__0p9__1__post__none,P5,C,stereo,sine,retarget,48000,1,0.9,1,post,none
P5__C__stereo__sine__retarget__48000__64__0p9__1__post__none,P5,C,stereo,sine,retarget,48000,64,0.9,1,post,none
P5__C__stereo__sine__retarget__48000__512__0p9__1__post__none,P5,C,stereo,sine,retarget,48000,512,0.9,1,post,none
P5__C__stereo__sine__retarget__48000__irregular__0p9__1__post__none,P5,C,stereo,sine,retarget,48000,irregular,0.9,1,post,none
P5__C__stereo__sine__retarget__96000__1__0p9__1__post__none,P5,C,stereo,sine,retarget,96000,1,0.9,1,post,none
P5__C__stereo__sine__retarget__96000__64__0p9__1__post__none,P5,C,stereo,sine,retarget,96000,64,0.9,1,post,none
P5__C__stereo__sine__retarget__96000__512__0p9__1__post__none,P5,C,stereo,sine,retarget,96000,512,0.9,1,post,none
P5__C__stereo__sine__retarget__96000__irregular__0p9__1__post__none,P5,C,stereo,sine,retarget,96000,irregular,0.9,1,post,none
P5__C__pingpong__sine__retarget__44100__1__0p9__1__post__none,P5,C,pingpong,sine,retarget,44100,1,0.9,1,post,none
P5__C__pingpong__sine__retarget__44100__64__0p9__1__post__none,P5,C,pingpong,sine,retarget,44100,64,0.9,1,post,none
P5__C__pingpong__sine__retarget__44100__512__0p9__1__post__none,P5,C,pingpong,sine,retarget,44100,512,0.9,1,post,none
P5__C__pingpong__sine__retarget__44100__irregular__0p9__1__post__none,P5,C,pingpong,sine,retarget,44100,irregular,0.9,1,post,none
P5__C__pingpong__sine__retarget__48000__1__0p9__1__post__none,P5,C,pingpong,sine,retarget,48000,1,0.9,1,post,none
P5__C__pingpong__sine__retarget__48000__64__0p9__1__post__none,P5,C,pingpong,sine,retarget,48000,64,0.9,1,post,none
P5__C__pingpong__sine__retarget__48000__512__0p9__1__post__none,P5,C,pingpong,sine,retarget,48000,512,0.9,1,post,none
P5__C__pingpong__sine__retarget__48000__irregular__0p9__1__post__none,P5,C,pingpong,sine,retarget,48000,irregular,0.9,1,post,none
P5__C__pingpong__sine__retarget__96000__1__0p9__1__post__none,P5,C,pingpong,sine,retarget,96000,1,0.9,1,post,none
P5__C__pingpong__sine__retarget__96000__64__0p9__1__post__none,P5,C,pingpong,sine,retarget,96000,64,0.9,1,post,none
P5__C__pingpong__sine__retarget__96000__512__0p9__1__post__none,P5,C,pingpong,sine,retarget,96000,512,0.9,1,post,none
P5__C__pingpong__sine__retarget__96000__irregular__0p9__1__post__none,P5,C,pingpong,sine,retarget,96000,irregular,0.9,1,post,none
P6__A__stereo__step__routing__44100__1__0p9__1__post__none,P6,A,stereo,step,routing,44100,1,0.9,1,post,none
P6__A__stereo__step__routing__44100__64__0p9__1__post__none,P6,A,stereo,step,routing,44100,64,0.9,1,post,none
P6__A__stereo__step__routing__44100__512__0p9__1__post__none,P6,A,stereo,step,routing,44100,512,0.9,1,post,none
P6__A__stereo__step__routing__44100__irregular__0p9__1__post__none,P6,A,stereo,step,routing,44100,irregular,0.9,1,post,none
P6__A__stereo__step__routing__48000__1__0p9__1__post__none,P6,A,stereo,step,routing,48000,1,0.9,1,post,none
P6__A__stereo__step__routing__48000__64__0p9__1__post__none,P6,A,stereo,step,routing,48000,64,0.9,1,post,none
P6__A__stereo__step__routing__48000__512__0p9__1__post__none,P6,A,stereo,step,routing,48000,512,0.9,1,post,none
P6__A__stereo__step__routing__48000__irregular__0p9__1__post__none,P6,A,stereo,step,routing,48000,irregular,0.9,1,post,none
P6__A__stereo__step__routing__96000__1__0p9__1__post__none,P6,A,stereo,step,routing,96000,1,0.9,1,post,none
P6__A__stereo__step__routing__96000__64__0p9__1__post__none,P6,A,stereo,step,routing,96000,64,0.9,1,post,none
P6__A__stereo__step__routing__96000__512__0p9__1__post__none,P6,A,stereo,step,routing,96000,512,0.9,1,post,none
P6__A__stereo__step__routing__96000__irregular__0p9__1__post__none,P6,A,stereo,step,routing,96000,irregular,0.9,1,post,none
P7__A__stereo__sine__retarget__48000__irregular__0__1__post__none,P7,A,stereo,sine,retarget,48000,irregular,0,1,post,none
P7__A__pingpong__sine__retarget__48000__irregular__0__1__post__none,P7,A,pingpong,sine,retarget,48000,irregular,0,1,post,none
P7__B__stereo__sine__retarget__48000__irregular__0__1__post__none,P7,B,stereo,sine,retarget,48000,irregular,0,1,post,none
P7__B__pingpong__sine__retarget__48000__irregular__0__1__post__none,P7,B,pingpong,sine,retarget,48000,irregular,0,1,post,none
P7__C__stereo__sine__retarget__48000__irregular__0__1__post__none,P7,C,stereo,sine,retarget,48000,irregular,0,1,post,none
P7__C__pingpong__sine__retarget__48000__irregular__0__1__post__none,P7,C,pingpong,sine,retarget,48000,irregular,0,1,post,none
P8__A__stereo__impulse_center__static__48000__64__0__1__post__none,P8,A,stereo,impulse_center,static,48000,64,0,1,post,none
P8__A__stereo__impulse_center__static__48000__64__0p5__1__post__none,P8,A,stereo,impulse_center,static,48000,64,0.5,1,post,none
P8__A__stereo__impulse_center__static__48000__64__0p9__1__post__none,P8,A,stereo,impulse_center,static,48000,64,0.9,1,post,none
P8__A__pingpong__impulse_center__static__48000__64__0__1__post__none,P8,A,pingpong,impulse_center,static,48000,64,0,1,post,none
P8__A__pingpong__impulse_center__static__48000__64__0p5__1__post__none,P8,A,pingpong,impulse_center,static,48000,64,0.5,1,post,none
P8__A__pingpong__impulse_center__static__48000__64__0p9__1__post__none,P8,A,pingpong,impulse_center,static,48000,64,0.9,1,post,none
P9__A__stereo__sine__motion__44100__1__0__1__post__none,P9,A,stereo,sine,motion,44100,1,0,1,post,none
P9__A__stereo__sine__motion__44100__64__0__1__post__none,P9,A,stereo,sine,motion,44100,64,0,1,post,none
P9__A__stereo__sine__motion__44100__512__0__1__post__none,P9,A,stereo,sine,motion,44100,512,0,1,post,none
P9__A__stereo__sine__motion__44100__irregular__0__1__post__none,P9,A,stereo,sine,motion,44100,irregular,0,1,post,none
P9__A__stereo__sine__motion__48000__1__0__1__post__none,P9,A,stereo,sine,motion,48000,1,0,1,post,none
P9__A__stereo__sine__motion__48000__64__0__1__post__none,P9,A,stereo,sine,motion,48000,64,0,1,post,none
P9__A__stereo__sine__motion__48000__512__0__1__post__none,P9,A,stereo,sine,motion,48000,512,0,1,post,none
P9__A__stereo__sine__motion__48000__irregular__0__1__post__none,P9,A,stereo,sine,motion,48000,irregular,0,1,post,none
P9__A__stereo__sine__motion__96000__1__0__1__post__none,P9,A,stereo,sine,motion,96000,1,0,1,post,none
P9__A__stereo__sine__motion__96000__64__0__1__post__none,P9,A,stereo,sine,motion,96000,64,0,1,post,none
P9__A__stereo__sine__motion__96000__512__0__1__post__none,P9,A,stereo,sine,motion,96000,512,0,1,post,none
P9__A__stereo__sine__motion__96000__irregular__0__1__post__none,P9,A,stereo,sine,motion,96000,irregular,0,1,post,none
P10__A__stereo__pluck__retarget__48000__irregular__0p5__1__post__none,P10,A,stereo,pluck,retarget,48000,irregular,0.5,1,post,none
P10__A__pingpong__pluck__retarget__48000__irregular__0p5__1__post__none,P10,A,pingpong,pluck,retarget,48000,irregular,0.5,1,post,none
P10__B__stereo__pluck__retarget__48000__irregular__0p5__1__post__none,P10,B,stereo,pluck,retarget,48000,irregular,0.5,1,post,none
P10__B__pingpong__pluck__retarget__48000__irregular__0p5__1__post__none,P10,B,pingpong,pluck,retarget,48000,irregular,0.5,1,post,none
P10__C__stereo__pluck__retarget__48000__irregular__0p5__1__post__none,P10,C,stereo,pluck,retarget,48000,irregular,0.5,1,post,none
P10__C__pingpong__pluck__retarget__48000__irregular__0p5__1__post__none,P10,C,pingpong,pluck,retarget,48000,irregular,0.5,1,post,none
N1__A__pingpong__impulse_center__static__48000__64__0p5__0p5__post__wrong_side,N1,A,pingpong,impulse_center,static,48000,64,0.5,0.5,post,wrong_side
N2__A__pingpong__impulse_center__static__48000__64__0p5__0p5__post__off_by_one,N2,A,pingpong,impulse_center,static,48000,64,0.5,0.5,post,off_by_one
N3__A__stereo__sine__timing_return__48000__irregular__0p5__1__post__drop_pending,N3,A,stereo,sine,timing_return,48000,irregular,0.5,1,post,drop_pending
N4__A__stereo__sine__timing_repeat__48000__irregular__0p5__1__post__restart_repeat,N4,A,stereo,sine,timing_repeat,48000,irregular,0.5,1,post,restart_repeat
